,"Inverossímil  "
,"Comendador    "
,"Intelectual   "
,"Idiossincrático"
,"Pragmático    "
,"Dúbia         "
,"Google        "
,"Resiliência   "
,"Empatia       "
,"Insurgente    "
,"Adúltera      "
,"Antológico    "
,"Ninfomaníaca  "
,"Holístico     "
,"Stalkear      "
,"Empírico      "
,"Doleiro       "
,"Submissa      "
,"Lobista       "
,"Intrínseco    "
,"Cognitivo     "
,"Paradigma     "
,"Sádico        "
,"Sodomita      "
,"Reciprocidade "
,"Dicionário    "
,"Problema      "
,"Consiste      "
,"Google        "
,"Beleza        "
,"Visando       "
,"Disponha      "
,"Disponibilizar"
,"Ignorar       "
,"Resiliência   "
,"Liberdade     "
,"expressão     "
,"Foi           "
,"Portanto      "
,"Mulher        "
,"Pois          "
,"Apresentar    "
,"Cada vez mais "
,"Chamar atenção"
,"Incidência    "
,"Antônimos     "
,"Princesa      "
,"Rezar         "
,"Transparente  "
,"Empatia       "
,"Nômade        "
,"Bullying      "
,"Babilônia     "
,"Perdi         "
,"Pragmático    "
,"Preconceito   "
,"Hedonismo     "
,"Ignorante     "
,"Inadimplente  "
,"Preceder      "
,"Amigável      "
,"Prendia       "
,"Estranho      "
,"Ignorância    "
,"Relacionadas  "
,"Egito         "
,"Amor          "
,"Geografia     "
,"Correlação    "
,"Facebook      "
,"Babilônia     "
,"culta         "
,"Helicóptero   "
,"Bombeiro      "
,"civil         "
,"Dente         "
,"Vinho         "
,"água          "
,"Dentista      "
,"Arte          "
,"Escola        "
,"Filosofia     "
,"Mulher        "
,"Sorte         "
,"ética         "
,"Eficiência    "
,"Prefixação    "
,"Unicelulares  "
,"Efetividade   "
,"Linguagem     "
,"coloquial     "
,"Verbo         "
,"Jargão        "
,"Metáfora      "
,"Moral         "
,"Mitologia     "
,"Mitos         "
,"Prefixo       "
,"Ideologia     "
,"Neologismo    "
,"Solvente      "
,"Valores       "
,"morais        "
,"Sarcasmo      "
,"Nação         "
,"Sociedade     "
,"Juri          "
,"Cocota        "
,"Bodoque       "
,"Emo           "
,"Zoeira        "
,"Holocausto    "
,"Galutar       "
,"Energúmeno    "
,"Egocêntrico   "
,"Playsson      "
,"Zica          "
,"Mão-morta     "
,"Recalque      "
,"Pimboca       "
,"Shimbalaiê    "
,"Pornô         "
,"Escroto       "
,"Podrão        "
,"natação       "